排名,字词,次数/人数,排名变化,次数/人数变化（相对25年的百分比）
1,汉字+字母,0.3595,=0,+0.024039(+6.7%)
2,_,0.1555,=0,-0.005085(-3.3%)
3,-,0.1169,=0,+0.012092(+10.3%)
4,小,0.0935,=0,-0.000653(-0.7%)
5,的,0.0431,↓2,-0.008498(-19.7%)
6,子,0.0407,↑1,-0.003620(-8.9%)
7,不,0.0375,↓2,-0.005129(-13.7%)
8,版,0.0322,↓2,-0.001497(-4.7%)
9,月,0.0313,↑1,+0.002183(+7.0%)
10,in,0.0312,↑4,+0.003516(+11.3%)
11,official,0.0297,↓8,-0.006226(-21.0%)
12,ki,0.0285,↓1,-0.000190(-0.7%)
13,an,0.0274,↑2,+0.001481(+5.4%)
14,mi,0.0273,↑2,+0.001222(+4.5%)
15,是,0.0265,↓1,-0.000492(-1.9%)
16,一,0.0260,↓6,-0.003944(-15.2%)
17,ri,0.0235,↑3,+0.004579(+19.5%)
18,星,0.0234,↑3,+0.002830(+12.1%)
19,猫,0.0226,↓7,-0.002377(-10.5%)
20,白,0.0225,↓1,-0.000221(-1.0%)
21,大,0.0220,↓4,-0.001362(-6.2%)
22,er,0.0214,↑4,+0.003350(+15.7%)
23,li,0.0214,↑5,+0.003452(+16.2%)
24,1,0.0207,↓9,-0.002881(-13.9%)
25,酱,0.0201,↓7,-0.001969(-9.8%)
26,ar,0.0199,↑2,+0.001107(+5.6%)
27,na,0.0198,↑7,+0.003058(+15.4%)
28,喵,0.0189,↑1,+0.000932(+4.9%)
29,ya,0.0188,↑1,+0.000469(+2.5%)
30,阿,0.0183,↓4,-0.000520(-2.8%)
31,ra,0.0176,↑8,+0.003934(+22.4%)
32,爱,0.0176,↓6,-0.001254(-7.1%)
33,yu,0.0174,↑2,+0.000900(+5.2%)
34,鱼,0.0173,↑4,+0.001154(+6.7%)
35,花,0.0172,↓1,-0.000698(-4.1%)
36,ia,0.0166,↑7,+0.002423(+14.6%)
37,sa,0.0166,↓1,-0.000403(-2.4%)
38,天,0.0157,↓1,-0.000063(-0.4%)
39,ko,0.0152,↓6,-0.000691(-4.6%)
40,米,0.0151,↓3,-0.000282(-1.9%)
41,am,0.0151,↓7,-0.000899(-6.0%)
42,吃,0.0149,↓58,-0.005012(-33.6%)
43,ne,0.0143,↓3,+0.000162(+1.1%)
44,ka,0.0142,↓9,-0.000456(-3.2%)
45,su,0.0140,↓8,-0.000204(-1.5%)
46,可,0.0139,↓12,-0.000463(-3.3%)
47,uk,0.0138,=0,+0.000460(+3.3%)
48,ma,0.0137,↓1,+0.000407(+3.0%)
49,yo,0.0137,↓22,-0.001597(-11.6%)
50,or,0.0137,↑15,+0.003847(+28.1%)
51,ak,0.0136,↓4,+0.000044(+0.3%)
52,冠,0.0135,↓47,-0.003503(-26.0%)
53,on,0.0134,↑1,+0.000451(+3.4%)
54,夜,0.0133,↓3,+0.000242(+1.8%)
55,mo,0.0131,↑15,+0.002499(+19.1%)
56,桃,0.0131,↓8,-0.000326(-2.5%)
57,雪,0.0130,↑17,+0.002600(+20.0%)
58,el,0.0129,↑14,+0.001723(+13.4%)
59,hi,0.0128,↑8,+0.001157(+9.0%)
60,兔,0.0128,↓8,-0.000538(-4.2%)
61,ni,0.0126,=0,+0.000330(+2.6%)
62,奈,0.0124,↑20,+0.002484(+20.0%)
63,0,0.0124,↓2,+0.000120(+1.0%)
64,ro,0.0120,↑6,+0.001446(+12.1%)
65,号,0.0120,↓28,-0.001533(-12.8%)
66,宝,0.0120,↓21,-0.001122(-9.4%)
67,ir,0.0117,↑11,+0.001902(+16.3%)
68,莉,0.0116,↓4,+0.000257(+2.2%)
69,梦,0.0116,↓2,+0.000359(+3.1%)
70,ha,0.0115,↑1,+0.000717(+6.2%)
71,is,0.0114,↑4,+0.000869(+7.6%)
72,le,0.0114,↑11,+0.001537(+13.5%)
73,en,0.0113,↑23,+0.002818(+25.0%)
74,人,0.0113,↓42,-0.002268(-20.1%)
75,ik,0.0112,↓28,-0.001550(-13.8%)
76,ng,0.0110,=0,+0.000346(+3.1%)
77,me,0.0109,↓16,-0.000529(-4.9%)
78,王,0.0109,↑3,+0.000807(+7.4%)
79,洛,0.0109,↓3,+0.000138(+1.3%)
80,心,0.0108,↓33,-0.001764(-16.3%)
81,ch,0.0107,↑6,+0.000904(+8.5%)
82,re,0.0107,↑20,+0.002239(+21.0%)
83,安,0.0106,↑1,+0.000389(+3.7%)
84,ta,0.0104,↑12,+0.001463(+14.1%)
85,la,0.0103,↑21,+0.002386(+23.2%)
86,2,0.0103,↓12,-0.000184(-1.8%)
87,sh,0.0103,↓1,+0.000432(+4.2%)
88,奶,0.0102,↓38,-0.001932(-18.9%)
89,al,0.0102,↑4,+0.000687(+6.8%)
90,儿,0.0102,↓26,-0.001162(-11.4%)
91,糖,0.0102,↑9,+0.000893(+8.8%)
92,lo,0.0101,↑5,+0.000583(+5.8%)
93,ur,0.0100,↑16,+0.001198(+12.0%)
94,um,0.0099,↓19,-0.000809(-8.2%)
95,音,0.0099,↑1,+0.000526(+5.3%)
96,ai,0.0098,↑3,+0.000577(+5.9%)
97,il,0.0098,↑16,+0.001244(+12.7%)
98,了,0.0098,↓30,-0.001530(-15.6%)
99,只,0.0097,↓23,-0.001172(-12.1%)
100,夏,0.0095,↑3,+0.000674(+7.1%)
